[{"name": "Default Fallback intent", "userDefined": false, "apiTrigger": false, "intentId": "fallback", "_id": {"$oid": "59aae7bd26f6f60007b06fb3"}, "speechResponse": "Sorry. I'm having trouble understanding you."}, {"name": "cancel", "trainingData": [{"text": "i want to cancel", "entities": []}, {"text": "cancel that", "entities": []}, {"text": "cancel", "entities": []}], "userDefined": false, "apiTrigger": false, "intentId": "cancel", "_id": {"$oid": "59aae7bd26f6f60007b06fb5"}, "speechResponse": "Ok. Canceled."}, {"name": "Welcome message", "userDefined": false, "apiTrigger": false, "intentId": "init_conversation", "_id": {"$oid": "59aae7bd26f6f60007b06fb7"}, "speechResponse": "Hi, What can i do for you ?"}]